{
    "0": {
        "title": "Taro",
        "subtitle": "Developer",
        "schedule": [
            {
                "start": "08:00",
                "end": "10:00",
                "text": "1",
                "data": {
                    "class": "example2",
                    "image": "./img/1.png"
                }
            },
            {
                "start": "10:30",
                "end": "11:20",
                "text": "2",
                "data": {
                    "class": "example3",
                    "image": "./img/2.png"
                }
            },
            {
                "start": "13:00",
                "end": "18:00",
                "text": "3",
                "data": {
                }
            }
        ]
    },
    "1": {
        "title": "Saito",
        "subtitle": "Management",
        "schedule": [
            {
                "start": "08:00",
                "end": "10:00",
                "text": "4",
                "data": {
                    "class": "example2",
                    "image": "./img/1.png"
                }
            }
        ]
    },
    "2": {
        "title": "Daisuke Kato",
        "subtitle": "Management",
        "schedule": [
            {
                "start": "11:00",
                "end": "14:00",
                "text": "5",
                "data": {
                    "image": "./img/3.png"
                }
            }
        ]
    }
}
